{"is_source_file": false, "format": "", "description": "", "external_files": [], "external_methods": [], "published": [], "classes": [], "methods": [], "calls": [], "search-terms": [], "state": 2, "file_id": 7, "knowledge_revision": 14, "git_revision": "43c3dd93e414478f2a587044b08a4a265d79aa1f", "hash": "d001d53c059625c4bcf75bf5a7f3fcf0", "format-version": 4, "code-base-name": "todo_frontend", "filename": "todo_frontend/package.json", "revision_history": [{"14": "43c3dd93e414478f2a587044b08a4a265d79aa1f"}]}