{"is_source_file": true, "format": "JavaScript (React JSX)", "description": "This file is the entry point for a React-based frontend application. It sets up the React root and renders the main App component into the DOM.", "external_files": ["react", "react-dom/client", "./index.css", "./App"], "external_methods": ["ReactDOM.createRoot", "root.render"], "published": ["React", "ReactDOM", "App"], "classes": [], "methods": [{"name": "ReactDOM.createRoot", "description": "Creates a root for rendering a React application into the DOM."}, {"name": "root.render", "description": "Renders React elements into the created root."}], "calls": ["ReactDOM.createRoot", "root.render", "<React.StrictMode>", "<App />"], "search-terms": ["React", "ReactDOM", "index.js", "createRoot", "render", "StrictMode"], "state": 2, "file_id": 6, "knowledge_revision": 21, "git_revision": "43c3dd93e414478f2a587044b08a4a265d79aa1f", "ctags": [{"_type": "tag", "name": "root", "path": "/tmp/kavia/workspace/code-generation/simple-todo-list-8231-8240/todo_frontend/src/index.js", "pattern": "/^const root = ReactDOM.createRoot(document.getElementById('root'));$/", "language": "JavaScript", "kind": "constant"}], "hash": "9fc5841375336fc175b49f8767a11383", "format-version": 4, "code-base-name": "todo_frontend", "filename": "todo_frontend/src/index.js", "revision_history": [{"21": "43c3dd93e414478f2a587044b08a4a265d79aa1f"}]}