{"is_source_file": true, "format": "JavaScript (React JSX)", "description": "This file defines a React functional component named App that manages a theme state ('light' or 'dark') and provides a toggle button to switch themes. It updates the document's data-theme attribute accordingly and renders UI elements including a button, an image, some text, and a link.", "external_files": ["./logo.svg", "./App.css"], "external_methods": ["document.documentElement.setAttribute"], "published": ["App"], "classes": [], "methods": [{"name": "App()", "description": "Functional React component managing theme state and rendering UI.", "scope": "", "scopeKind": ""}, {"name": "toggleTheme", "description": "Function toggling theme between 'light' and 'dark'."}], "calls": ["useState", "useEffect", "document.documentElement.setAttribute"], "search-terms": ["React component", "theme toggling", "useState", "useEffect", "App.js", "React JSX", "theme switch"], "state": 2, "file_id": 3, "knowledge_revision": 19, "git_revision": "43c3dd93e414478f2a587044b08a4a265d79aa1f", "ctags": [{"_type": "tag", "name": "App", "path": "/tmp/kavia/workspace/code-generation/simple-todo-list-8231-8240/todo_frontend/src/App.js", "pattern": "/^function App() {$/", "language": "JavaScript", "kind": "function", "signature": "()"}, {"_type": "tag", "name": "Switch to ${theme === 'light' ? 'dark' : 'light'} mode", "path": "/tmp/kavia/workspace/code-generation/simple-todo-list-8231-8240/todo_frontend/src/App.js", "pattern": "/^          aria-label={`Switch to ${theme === 'light' ? 'dark' : 'light'} mode`}$/", "language": "JavaScript", "kind": "field", "scope": "App.aria", "scopeKind": "class"}, {"_type": "tag", "name": "toggleTheme", "path": "/tmp/kavia/workspace/code-generation/simple-todo-list-8231-8240/todo_frontend/src/App.js", "pattern": "/^          onClick={toggleTheme}$/", "language": "JavaScript", "kind": "field", "scope": "App.onClick", "scopeKind": "class"}], "hash": "b55dd9e6a018e59207d8e277dffd9e11", "format-version": 4, "code-base-name": "todo_frontend", "filename": "todo_frontend/src/App.js", "fields": [{"name": "aria-label={`Switch to ${theme === 'light' ? 'dark' : 'light'} mode`}", "scope": "App.aria", "scopeKind": "class", "description": "unavailable"}, {"name": "onClick={toggleTheme}", "scope": "App.onClick", "scopeKind": "class", "description": "unavailable"}], "revision_history": [{"19": "43c3dd93e414478f2a587044b08a4a265d79aa1f"}]}