{"is_source_file": true, "format": "JavaScript", "description": "Test setup file configuring custom jest matchers for testing DOM nodes using jest-dom.", "external_files": ["@testing-library/jest-dom"], "external_methods": [], "published": [], "classes": [], "methods": [], "calls": ["import '@testing-library/jest-dom'"], "search-terms": ["setupTests.js", "jest-dom", "testing-library", "jest", "test configuration", "DOM nodes"], "state": 2, "file_id": 2, "knowledge_revision": 17, "git_revision": "43c3dd93e414478f2a587044b08a4a265d79aa1f", "ctags": [], "hash": "1a77571e1a8cf36018a41bcedf60db75", "format-version": 4, "code-base-name": "todo_frontend", "filename": "todo_frontend/src/setupTests.js", "revision_history": [{"17": "43c3dd93e414478f2a587044b08a4a265d79aa1f"}]}