{"is_source_file": false, "format": "", "description": "", "external_files": [], "external_methods": [], "published": [], "classes": [], "methods": [], "calls": [], "search-terms": ["CSS variables", "theme management", "dark theme", "light theme", "App component styles", "responsive design", "CSS animations", "CSS media queries", "theme toggle button"], "state": 2, "file_id": 5, "knowledge_revision": 16, "git_revision": "43c3dd93e414478f2a587044b08a4a265d79aa1f", "hash": "22f9e17cc1848b56dbb244518ac2707e", "format-version": 4, "code-base-name": "todo_frontend", "filename": "todo_frontend/src/App.css", "revision_history": [{"16": "43c3dd93e414478f2a587044b08a4a265d79aa1f"}]}